{"cameraMode":{"drawMode":0,"name":"Shaded","section":"Shading Mode"},"sceneLighting":false,"audioPlay":false,"sceneViewState":{"showFog":true,"showMaterialUpdate":false,"showSkybox":false,"showFlares":true,"showImageEffects":true,"showParticleSystems":true,"showVisualEffectGraphs":true,"m_FxEnabled":true},"in2DMode":false,"pivot":{"x":-0.11065109074115753,"y":0.20236487686634065,"z":0.13146302103996278},"rotation":{"x":-0.001092463149689138,"y":0.998392641544342,"z":-0.05277381092309952,"w":-0.020669329911470414},"size":0.4491594433784485,"orthographic":false}