{"cameraMode":{"drawMode":0,"name":"Shaded","section":"Shading Mode"},"sceneLighting":false,"audioPlay":false,"sceneViewState":{"showFog":true,"showMaterialUpdate":false,"showSkybox":false,"showFlares":true,"showImageEffects":true,"showParticleSystems":true,"showVisualEffectGraphs":true,"m_FxEnabled":true},"in2DMode":false,"pivot":{"x":-0.008424343541264534,"y":0.4916928708553314,"z":-0.01396457850933075},"rotation":{"x":0.04229622706770897,"y":0.00630480470135808,"z":-0.00026678512222133577,"w":0.9990856051445007},"size":0.709949791431427,"orthographic":false}