{"cameraMode":{"drawMode":0,"name":"Shaded","section":"Shading Mode"},"sceneLighting":false,"audioPlay":false,"sceneViewState":{"showFog":true,"showMaterialUpdate":false,"showSkybox":false,"showFlares":true,"showImageEffects":true,"showParticleSystems":true,"showVisualEffectGraphs":true,"m_FxEnabled":true},"in2DMode":false,"pivot":{"x":-6.427803039550781,"y":2.9080567359924318,"z":0.38902127742767336},"rotation":{"x":-0.08811406791210175,"y":-0.21288666129112245,"z":0.019249508157372476,"w":-0.9729658365249634},"size":5.975000858306885,"orthographic":false}