{"cameraMode":{"drawMode":0,"name":"Shaded","section":"Shading Mode"},"sceneLighting":false,"audioPlay":false,"sceneViewState":{"showFog":true,"showMaterialUpdate":false,"showSkybox":false,"showFlares":true,"showImageEffects":true,"showParticleSystems":true,"showVisualEffectGraphs":true,"m_FxEnabled":true},"in2DMode":false,"pivot":{"x":17.309368133544923,"y":1.1239062547683716,"z":-34.88532257080078},"rotation":{"x":0.0006332232151180506,"y":0.9960876703262329,"z":0.007162383291870356,"w":-0.08808284252882004},"size":6.709292888641357,"orthographic":false}