{"cameraMode":{"drawMode":0,"name":"Shaded","section":"Shading Mode"},"sceneLighting":true,"audioPlay":false,"sceneViewState":{"showFog":true,"showMaterialUpdate":false,"showSkybox":true,"showFlares":true,"showImageEffects":true,"showParticleSystems":true,"showVisualEffectGraphs":true,"m_FxEnabled":true},"in2DMode":false,"pivot":{"x":20.80722427368164,"y":-7.452832221984863,"z":-31.379173278808595},"rotation":{"x":0.0018321650568395854,"y":0.9803603887557983,"z":-0.19700415432453156,"w":0.009118588641285897},"size":19.436670303344728,"orthographic":false}