{"cameraMode":{"drawMode":0,"name":"Shaded","section":"Shading Mode"},"sceneLighting":true,"audioPlay":false,"sceneViewState":{"showFog":true,"showMaterialUpdate":false,"showSkybox":true,"showFlares":true,"showImageEffects":true,"showParticleSystems":true,"showVisualEffectGraphs":true,"m_FxEnabled":true},"in2DMode":false,"pivot":{"x":10.507278442382813,"y":15.717602729797364,"z":-35.84088897705078},"rotation":{"x":0.000019727916878764518,"y":0.9978039264678955,"z":-0.06626107543706894,"w":0.00030030187917873263},"size":30.802656173706056,"orthographic":false}