{"cameraMode":{"drawMode":0,"name":"Shaded","section":"Shading Mode"},"sceneLighting":true,"audioPlay":false,"sceneViewState":{"showFog":true,"showMaterialUpdate":false,"showSkybox":true,"showFlares":true,"showImageEffects":true,"showParticleSystems":true,"showVisualEffectGraphs":true,"m_FxEnabled":true},"in2DMode":false,"pivot":{"x":5.850899696350098,"y":17.26968765258789,"z":-35.770668029785159},"rotation":{"x":-0.002592142205685377,"y":0.9973950982093811,"z":-0.04822123050689697,"w":-0.053610701113939288},"size":21.700210571289064,"orthographic":false}