{"cameraMode":{"drawMode":0,"name":"Shaded","section":"Shading Mode"},"sceneLighting":true,"audioPlay":false,"sceneViewState":{"showFog":true,"showMaterialUpdate":false,"showSkybox":true,"showFlares":true,"showImageEffects":true,"showParticleSystems":true,"showVisualEffectGraphs":true,"m_FxEnabled":true},"in2DMode":false,"pivot":{"x":434.9820861816406,"y":342.66656494140627,"z":-128.547119140625},"rotation":{"x":0.004809536971151829,"y":-0.0030037867836654188,"z":0.000015000016901467461,"w":0.999985933303833},"size":271.8028259277344,"orthographic":false}