{"cameraMode":{"drawMode":0,"name":"Shaded","section":"Shading Mode"},"sceneLighting":true,"audioPlay":false,"sceneViewState":{"showFog":true,"showMaterialUpdate":false,"showSkybox":true,"showFlares":true,"showImageEffects":true,"showParticleSystems":true,"showVisualEffectGraphs":true,"m_FxEnabled":true},"in2DMode":false,"pivot":{"x":422.0239562988281,"y":355.78094482421877,"z":549.6444091796875},"rotation":{"x":0.04679349809885025,"y":-0.004185113124549389,"z":0.00018765691493172199,"w":0.9989151358604431},"size":563.7327270507813,"orthographic":false}