{"cameraMode":{"drawMode":0,"name":"Shaded","section":"Shading Mode"},"sceneLighting":true,"audioPlay":false,"sceneViewState":{"showFog":true,"showMaterialUpdate":false,"showSkybox":true,"showFlares":true,"showImageEffects":true,"showParticleSystems":true,"showVisualEffectGraphs":true,"m_FxEnabled":true},"in2DMode":false,"pivot":{"x":-11.618507385253907,"y":13.983053207397461,"z":-17.07925033569336},"rotation":{"x":-0.0006670845323242247,"y":0.9956324696540833,"z":-0.09317266941070557,"w":-0.007168351672589779},"size":30.988964080810548,"orthographic":false}