{"cameraMode":{"drawMode":0,"name":"Shaded","section":"Shading Mode"},"sceneLighting":true,"audioPlay":false,"sceneViewState":{"showFog":true,"showMaterialUpdate":false,"showSkybox":true,"showFlares":true,"showImageEffects":true,"showParticleSystems":true,"showVisualEffectGraphs":true,"m_FxEnabled":true},"in2DMode":false,"pivot":{"x":702.645751953125,"y":441.1910400390625,"z":1.13140869140625},"rotation":{"x":0.004190188832581043,"y":0.005096928682178259,"z":0.00002293983743584249,"w":-0.9999929070472717},"size":291.6675109863281,"orthographic":false}