{"cameraMode":{"drawMode":0,"name":"Shaded","section":"Shading Mode"},"sceneLighting":true,"audioPlay":false,"sceneViewState":{"showFog":true,"showMaterialUpdate":false,"showSkybox":true,"showFlares":true,"showImageEffects":true,"showParticleSystems":true,"showVisualEffectGraphs":true,"m_FxEnabled":true},"in2DMode":false,"pivot":{"x":512.388916015625,"y":269.2428283691406,"z":0.07696533203125},"rotation":{"x":0.004809536971151829,"y":-0.0030037867836654188,"z":0.000015000016901467461,"w":0.999985933303833},"size":316.1825256347656,"orthographic":false}