{"cameraMode":{"drawMode":0,"name":"Shaded","section":"Shading Mode"},"sceneLighting":true,"audioPlay":false,"sceneViewState":{"showFog":true,"showMaterialUpdate":false,"showSkybox":true,"showFlares":true,"showImageEffects":true,"showParticleSystems":true,"showVisualEffectGraphs":true,"m_FxEnabled":true},"in2DMode":false,"pivot":{"x":-18300.912109375,"y":12.429682731628418,"z":150.67266845703126},"rotation":{"x":0.00330761494114995,"y":0.03448915854096413,"z":-0.00011323476064717397,"w":0.9994027018547058},"size":116.11072540283203,"orthographic":false}