{"cameraMode":{"drawMode":0,"name":"Shaded","section":"Shading Mode"},"sceneLighting":true,"audioPlay":false,"sceneViewState":{"showFog":true,"showMaterialUpdate":false,"showSkybox":true,"showFlares":true,"showImageEffects":true,"showParticleSystems":true,"showVisualEffectGraphs":true,"m_FxEnabled":true},"in2DMode":false,"pivot":{"x":919.402587890625,"y":557.7719116210938,"z":-29.65582275390625},"rotation":{"x":-0.033303823322057727,"y":-0.003900728886947036,"z":0.00013048871187493205,"w":-0.999451220035553},"size":613.9876708984375,"orthographic":false}