{"cameraMode":{"drawMode":0,"name":"Shaded","section":"Shading Mode"},"sceneLighting":true,"audioPlay":false,"sceneViewState":{"showFog":true,"showMaterialUpdate":false,"showSkybox":true,"showFlares":true,"showImageEffects":true,"showParticleSystems":true,"showVisualEffectGraphs":true,"m_FxEnabled":true},"in2DMode":false,"pivot":{"x":737.2692260742188,"y":383.4175720214844,"z":-122.21759033203125},"rotation":{"x":0.03626731410622597,"y":0.043453898280858996,"z":-0.0015779329696670175,"w":0.9983969926834106},"size":381.07806396484377,"orthographic":false}