{"cameraMode":{"drawMode":0,"name":"Shaded","section":"Shading Mode"},"sceneLighting":true,"audioPlay":false,"sceneViewState":{"showFog":true,"showMaterialUpdate":false,"showSkybox":true,"showFlares":true,"showImageEffects":true,"showParticleSystems":true,"showVisualEffectGraphs":true,"m_FxEnabled":true},"in2DMode":false,"pivot":{"x":-0.21005725860595704,"y":11.021368026733399,"z":-7.026419639587402},"rotation":{"x":0.00042071123607456684,"y":0.9723244309425354,"z":-0.23363004624843598,"w":0.001750510185956955},"size":3.5877161026000978,"orthographic":false}