{"cameraMode":{"drawMode":0,"name":"Shaded","section":"Shading Mode"},"sceneLighting":true,"audioPlay":false,"sceneViewState":{"showFog":true,"showMaterialUpdate":false,"showSkybox":true,"showFlares":true,"showImageEffects":true,"showParticleSystems":true,"showVisualEffectGraphs":true,"m_FxEnabled":true},"in2DMode":false,"pivot":{"x":-18341.408203125,"y":1.1114048957824708,"z":100.32780456542969},"rotation":{"x":0.028803955763578416,"y":0.010805669240653515,"z":-0.0003114711435046047,"w":0.9995300769805908},"size":58.7494010925293,"orthographic":false}