{"cameraMode":{"drawMode":0,"name":"Shaded","section":"Shading Mode"},"sceneLighting":false,"audioPlay":false,"sceneViewState":{"showFog":true,"showMaterialUpdate":false,"showSkybox":false,"showFlares":true,"showImageEffects":true,"showParticleSystems":true,"showVisualEffectGraphs":true,"m_FxEnabled":true},"in2DMode":false,"pivot":{"x":20.277057647705079,"y":11.555450439453125,"z":-26.65914535522461},"rotation":{"x":0.04229622706770897,"y":0.00630480470135808,"z":-0.00026678512222133577,"w":0.9990856051445007},"size":13.877513885498047,"orthographic":false}