{"cameraMode":{"drawMode":0,"name":"Shaded","section":"Shading Mode"},"sceneLighting":true,"audioPlay":false,"sceneViewState":{"showFog":true,"showMaterialUpdate":false,"showSkybox":true,"showFlares":true,"showImageEffects":true,"showParticleSystems":true,"showVisualEffectGraphs":true,"m_FxEnabled":true},"in2DMode":false,"pivot":{"x":-29.724502563476564,"y":12.909451484680176,"z":-28.189285278320314},"rotation":{"x":0.0008402607636526227,"y":0.7077329754829407,"z":0.0008431174210272729,"w":-0.706483781337738},"size":39.44194793701172,"orthographic":false}