{"cameraMode":{"drawMode":0,"name":"Shaded","section":"Shading Mode"},"sceneLighting":true,"audioPlay":false,"sceneViewState":{"showFog":true,"showMaterialUpdate":false,"showSkybox":true,"showFlares":true,"showImageEffects":true,"showParticleSystems":true,"showVisualEffectGraphs":true,"m_FxEnabled":true},"in2DMode":false,"pivot":{"x":16.13920021057129,"y":3.0666651725769045,"z":-17.74626350402832},"rotation":{"x":0.04229622706770897,"y":0.00630480470135808,"z":-0.00026678512222133577,"w":0.9990856051445007},"size":0.331240713596344,"orthographic":false}