{"cameraMode":{"drawMode":0,"name":"Shaded","section":"Shading Mode"},"sceneLighting":false,"audioPlay":false,"sceneViewState":{"showFog":true,"showMaterialUpdate":false,"showSkybox":false,"showFlares":true,"showImageEffects":true,"showParticleSystems":true,"showVisualEffectGraphs":true,"m_FxEnabled":true},"in2DMode":false,"pivot":{"x":0.017541687935590745,"y":0.7693473100662231,"z":0.003804802894592285},"rotation":{"x":0.028801698237657548,"y":0.02130662463605404,"z":-0.0005746659589931369,"w":0.9994385838508606},"size":1.854672908782959,"orthographic":false}