{"cameraMode":{"drawMode":0,"name":"Shaded","section":"Shading Mode"},"sceneLighting":false,"audioPlay":false,"sceneViewState":{"showFog":true,"showMaterialUpdate":false,"showSkybox":false,"showFlares":true,"showImageEffects":true,"showParticleSystems":true,"showVisualEffectGraphs":true,"m_FxEnabled":true},"in2DMode":false,"pivot":{"x":-1.1756551265716553,"y":0.09465384483337403,"z":-0.24486839771270753},"rotation":{"x":0.1650664508342743,"y":-0.5845966339111328,"z":0.12298312783241272,"w":0.7848801612854004},"size":1.6184730529785157,"orthographic":false}