{"cameraMode":{"drawMode":0,"name":"Shaded","section":"Shading Mode"},"sceneLighting":true,"audioPlay":false,"sceneViewState":{"showFog":true,"showMaterialUpdate":false,"showSkybox":true,"showFlares":true,"showImageEffects":true,"showParticleSystems":true,"showVisualEffectGraphs":true,"m_FxEnabled":true},"in2DMode":false,"pivot":{"x":14.808788299560547,"y":2.1762099266052248,"z":-16.307044982910158},"rotation":{"x":-0.026765910908579828,"y":0.9367673993110657,"z":-0.07350826263427735,"w":-0.34109681844711306},"size":8.508334159851075,"orthographic":false}