{"cameraMode":{"drawMode":0,"name":"Shaded","section":"Shading Mode"},"sceneLighting":false,"audioPlay":false,"sceneViewState":{"showFog":true,"showMaterialUpdate":false,"showSkybox":false,"showFlares":true,"showImageEffects":true,"showParticleSystems":true,"showVisualEffectGraphs":true,"m_FxEnabled":true},"in2DMode":false,"pivot":{"x":20.303394317626954,"y":-1.4060885906219483,"z":-30.556013107299806},"rotation":{"x":-0.006143581122159958,"y":0.9695117473602295,"z":-0.24374938011169434,"w":-0.024436112493276597},"size":4.009291172027588,"orthographic":false}