{"cameraMode":{"drawMode":0,"name":"Shaded","section":"Shading Mode"},"sceneLighting":true,"audioPlay":false,"sceneViewState":{"showFog":true,"showMaterialUpdate":false,"showSkybox":true,"showFlares":true,"showImageEffects":true,"showParticleSystems":true,"showVisualEffectGraphs":true,"m_FxEnabled":true},"in2DMode":false,"pivot":{"x":12.231399536132813,"y":-0.7479434013366699,"z":-33.642723083496097},"rotation":{"x":-0.024147897958755494,"y":0.9672337770462036,"z":-0.10077040642499924,"w":-0.2317822128534317},"size":6.557650089263916,"orthographic":false}