{"cameraMode":{"drawMode":0,"name":"Shaded","section":"Shading Mode"},"sceneLighting":false,"audioPlay":false,"sceneViewState":{"showFog":true,"showMaterialUpdate":false,"showSkybox":false,"showFlares":true,"showImageEffects":true,"showParticleSystems":true,"showVisualEffectGraphs":true,"m_FxEnabled":true},"in2DMode":false,"pivot":{"x":-9.121576309204102,"y":0.9930832386016846,"z":12.741071701049805},"rotation":{"x":0.00042071123607456684,"y":0.9723244309425354,"z":-0.23363004624843598,"w":0.001750510185956955},"size":5.182910442352295,"orthographic":false}