{"cameraMode":{"drawMode":0,"name":"Shaded","section":"Shading Mode"},"sceneLighting":false,"audioPlay":false,"sceneViewState":{"showFog":true,"showMaterialUpdate":false,"showSkybox":false,"showFlares":true,"showImageEffects":true,"showParticleSystems":true,"showVisualEffectGraphs":true,"m_FxEnabled":true},"in2DMode":false,"pivot":{"x":-0.5853890776634216,"y":3.436554431915283,"z":0.6966605186462402},"rotation":{"x":0.10359849780797959,"y":-0.02386968769133091,"z":0.0025212361942976715,"w":0.9943863153457642},"size":15.832194328308106,"orthographic":false}