{"cameraMode":{"drawMode":0,"name":"Shaded","section":"Shading Mode"},"sceneLighting":false,"audioPlay":false,"sceneViewState":{"showFog":true,"showMaterialUpdate":false,"showSkybox":false,"showFlares":true,"showImageEffects":true,"showParticleSystems":true,"showVisualEffectGraphs":true,"m_FxEnabled":true},"in2DMode":false,"pivot":{"x":19.953779220581056,"y":1.8956029415130616,"z":-27.474506378173829},"rotation":{"x":-0.034801825881004336,"y":-0.008397620171308518,"z":0.0002910117036662996,"w":-0.9993694424629211},"size":2.821385145187378,"orthographic":false}