{"cameraMode":{"drawMode":0,"name":"Shaded","section":"Shading Mode"},"sceneLighting":false,"audioPlay":false,"sceneViewState":{"showFog":true,"showMaterialUpdate":false,"showSkybox":false,"showFlares":true,"showImageEffects":true,"showParticleSystems":true,"showVisualEffectGraphs":true,"m_FxEnabled":true},"in2DMode":false,"pivot":{"x":19.545833587646486,"y":-0.7273802757263184,"z":-28.949085235595704},"rotation":{"x":0.007329747546464205,"y":0.9387108683586121,"z":-0.3440503478050232,"w":0.019998567178845407},"size":2.9257378578186037,"orthographic":false}