{"cameraMode":{"drawMode":0,"name":"Shaded","section":"Shading Mode"},"sceneLighting":false,"audioPlay":false,"sceneViewState":{"showFog":true,"showMaterialUpdate":false,"showSkybox":false,"showFlares":true,"showImageEffects":true,"showParticleSystems":true,"showVisualEffectGraphs":true,"m_FxEnabled":true},"in2DMode":false,"pivot":{"x":16.54693031311035,"y":1.2061870098114014,"z":-8.355813980102539},"rotation":{"x":-0.00031779639539308846,"y":0.9984270930290222,"z":-0.05577988177537918,"w":-0.005690180696547031},"size":4.995783805847168,"orthographic":false}