{"cameraMode":{"drawMode":0,"name":"Shaded","section":"Shading Mode"},"sceneLighting":false,"audioPlay":false,"sceneViewState":{"showFog":true,"showMaterialUpdate":false,"showSkybox":false,"showFlares":true,"showImageEffects":true,"showParticleSystems":true,"showVisualEffectGraphs":true,"m_FxEnabled":true},"in2DMode":false,"pivot":{"x":-9.121576309204102,"y":0.9930832386016846,"z":12.741071701049805},"rotation":{"x":-0.034801825881004336,"y":-0.008397620171308518,"z":0.0002910117036662996,"w":-0.9993694424629211},"size":3.3829100131988527,"orthographic":false}