{"cameraMode":{"drawMode":0,"name":"Shaded","section":"Shading Mode"},"sceneLighting":true,"audioPlay":false,"sceneViewState":{"showFog":true,"showMaterialUpdate":false,"showSkybox":true,"showFlares":true,"showImageEffects":true,"showParticleSystems":true,"showVisualEffectGraphs":true,"m_FxEnabled":true},"in2DMode":false,"pivot":{"x":-18338.443359375,"y":-10.57667350769043,"z":99.72332763671875},"rotation":{"x":-0.022806642577052118,"y":-0.009899888187646866,"z":0.00022687570890411735,"w":-0.9996932744979858},"size":59.43512725830078,"orthographic":false}