{"cameraMode":{"drawMode":0,"name":"Shaded","section":"Shading Mode"},"sceneLighting":true,"audioPlay":false,"sceneViewState":{"showFog":true,"showMaterialUpdate":false,"showSkybox":true,"showFlares":true,"showImageEffects":true,"showParticleSystems":true,"showVisualEffectGraphs":true,"m_FxEnabled":true},"in2DMode":false,"pivot":{"x":652.5405883789063,"y":221.82589721679688,"z":-13.27423095703125},"rotation":{"x":-0.02130812779068947,"y":-0.0009023977327160537,"z":0.000020255227354937233,"w":-0.9997752904891968},"size":902.6131591796875,"orthographic":false}