{"cameraMode":{"drawMode":0,"name":"Shaded","section":"Shading Mode"},"sceneLighting":true,"audioPlay":false,"sceneViewState":{"showFog":true,"showMaterialUpdate":false,"showSkybox":true,"showFlares":true,"showImageEffects":true,"showParticleSystems":true,"showVisualEffectGraphs":true,"m_FxEnabled":true},"in2DMode":false,"pivot":{"x":-18332.853515625,"y":8.140012741088868,"z":60.95908737182617},"rotation":{"x":-0.022807594388723375,"y":-0.0039015861693769695,"z":0.00009003257582662627,"w":-0.9997346997261047},"size":45.666107177734378,"orthographic":false}