{"cameraMode":{"drawMode":0,"name":"Shaded","section":"Shading Mode"},"sceneLighting":true,"audioPlay":false,"sceneViewState":{"showFog":true,"showMaterialUpdate":false,"showSkybox":true,"showFlares":true,"showImageEffects":true,"showParticleSystems":true,"showVisualEffectGraphs":true,"m_FxEnabled":true},"in2DMode":false,"pivot":{"x":14.876264572143555,"y":0.47615814208984377,"z":-3.4572372436523439},"rotation":{"x":0.1556658148765564,"y":0.01067895907908678,"z":-0.0016833270201459528,"w":0.9877570271492004},"size":39.617042541503909,"orthographic":false}