{"cameraMode":{"drawMode":0,"name":"Shaded","section":"Shading Mode"},"sceneLighting":true,"audioPlay":false,"sceneViewState":{"showFog":true,"showMaterialUpdate":false,"showSkybox":true,"showFlares":true,"showImageEffects":true,"showParticleSystems":true,"showVisualEffectGraphs":true,"m_FxEnabled":true},"in2DMode":false,"pivot":{"x":734.4696655273438,"y":410.6285400390625,"z":3.65740966796875},"rotation":{"x":-0.02130812779068947,"y":-0.0009023977327160537,"z":0.000020255227354937233,"w":-0.9997752904891968},"size":574.842041015625,"orthographic":false}