{"cameraMode":{"drawMode":0,"name":"Shaded","section":"Shading Mode"},"sceneLighting":true,"audioPlay":false,"sceneViewState":{"showFog":true,"showMaterialUpdate":false,"showSkybox":true,"showFlares":true,"showImageEffects":true,"showParticleSystems":true,"showVisualEffectGraphs":true,"m_FxEnabled":true},"in2DMode":false,"pivot":{"x":3.9000682830810549,"y":4.996150493621826,"z":0.6301813125610352},"rotation":{"x":-0.05877525359392166,"y":0.005088615231215954,"z":-0.00029863440431654453,"w":-0.9982613921165466},"size":11.835291862487793,"orthographic":false}