{"cameraMode":{"drawMode":0,"name":"Shaded","section":"Shading Mode"},"sceneLighting":true,"audioPlay":false,"sceneViewState":{"showFog":true,"showMaterialUpdate":false,"showSkybox":true,"showFlares":true,"showImageEffects":true,"showParticleSystems":true,"showVisualEffectGraphs":true,"m_FxEnabled":true},"in2DMode":false,"pivot":{"x":23.336021423339845,"y":0.7265732288360596,"z":-15.520998001098633},"rotation":{"x":-0.08224205672740936,"y":-0.8930898308753967,"z":0.18225699663162232,"w":-0.40300777554512026},"size":3.420729160308838,"orthographic":false}