{"cameraMode":{"drawMode":0,"name":"Shaded","section":"Shading Mode"},"sceneLighting":true,"audioPlay":false,"sceneViewState":{"showFog":true,"showMaterialUpdate":false,"showSkybox":true,"showFlares":true,"showImageEffects":true,"showParticleSystems":true,"showVisualEffectGraphs":true,"m_FxEnabled":true},"in2DMode":false,"pivot":{"x":542.2666625976563,"y":542.20849609375,"z":24.67620849609375},"rotation":{"x":-0.027306251227855684,"y":-0.0039012073539197447,"z":0.00010779988224385306,"w":-0.9996230006217957},"size":622.4573974609375,"orthographic":false}