{"cameraMode":{"drawMode":0,"name":"Shaded","section":"Shading Mode"},"sceneLighting":false,"audioPlay":false,"sceneViewState":{"showFog":true,"showMaterialUpdate":false,"showSkybox":false,"showFlares":true,"showImageEffects":true,"showParticleSystems":true,"showVisualEffectGraphs":true,"m_FxEnabled":true},"in2DMode":false,"pivot":{"x":20.731586456298829,"y":0.8449016809463501,"z":-29.057117462158204},"rotation":{"x":0.0025539754424244167,"y":0.9852555394172669,"z":-0.17045439779758454,"w":0.014766288921236992},"size":4.400989055633545,"orthographic":false}