{"cameraMode":{"drawMode":0,"name":"Shaded","section":"Shading Mode"},"sceneLighting":false,"audioPlay":false,"sceneViewState":{"showFog":true,"showMaterialUpdate":false,"showSkybox":false,"showFlares":true,"showImageEffects":true,"showParticleSystems":true,"showVisualEffectGraphs":true,"m_FxEnabled":true},"in2DMode":false,"pivot":{"x":0.07239855825901032,"y":-0.06135746091604233,"z":0.15037305653095246},"rotation":{"x":-0.29728707671165469,"y":-0.2705683410167694,"z":0.08825840801000595,"w":-0.9113882780075073},"size":0.27436119318008425,"orthographic":false}