{"cameraMode":{"drawMode":0,"name":"Shaded","section":"Shading Mode"},"sceneLighting":true,"audioPlay":false,"sceneViewState":{"showFog":true,"showMaterialUpdate":false,"showSkybox":true,"showFlares":true,"showImageEffects":true,"showParticleSystems":true,"showVisualEffectGraphs":true,"m_FxEnabled":true},"in2DMode":false,"pivot":{"x":493.09716796875,"y":366.46185302734377,"z":5.13189697265625},"rotation":{"x":0.0033095183316618206,"y":-0.0075047314167022709,"z":0.000024853754439391196,"w":0.9999674558639526},"size":472.4351501464844,"orthographic":false}