{"cameraMode":{"drawMode":0,"name":"Shaded","section":"Shading Mode"},"sceneLighting":true,"audioPlay":false,"sceneViewState":{"showFog":true,"showMaterialUpdate":false,"showSkybox":true,"showFlares":true,"showImageEffects":true,"showParticleSystems":true,"showVisualEffectGraphs":true,"m_FxEnabled":true},"in2DMode":false,"pivot":{"x":-10.438633918762207,"y":4.014110088348389,"z":3.771984100341797},"rotation":{"x":-0.006438100710511208,"y":-0.5703441500663757,"z":0.004421282093971968,"w":-0.8214404582977295},"size":2.4989118576049806,"orthographic":false}