{"cameraMode":{"drawMode":0,"name":"Shaded","section":"Shading Mode"},"sceneLighting":true,"audioPlay":false,"sceneViewState":{"showFog":true,"showMaterialUpdate":false,"showSkybox":true,"showFlares":true,"showImageEffects":true,"showParticleSystems":true,"showVisualEffectGraphs":true,"m_FxEnabled":true},"in2DMode":false,"pivot":{"x":1009.6235961914063,"y":563.2433471679688,"z":28.10888671875},"rotation":{"x":0.02130890265107155,"y":-0.0045027961023151878,"z":0.00008881994290277362,"w":0.9998161792755127},"size":589.3751220703125,"orthographic":false}