{"cameraMode":{"drawMode":0,"name":"Shaded","section":"Shading Mode"},"sceneLighting":true,"audioPlay":false,"sceneViewState":{"showFog":true,"showMaterialUpdate":false,"showSkybox":true,"showFlares":true,"showImageEffects":true,"showParticleSystems":true,"showVisualEffectGraphs":true,"m_FxEnabled":true},"in2DMode":false,"pivot":{"x":487.990966796875,"y":244.50831604003907,"z":15.85650634765625},"rotation":{"x":0.022807249799370767,"y":-0.012000836431980133,"z":0.000266629591351375,"w":0.999721348285675},"size":314.56988525390627,"orthographic":false}