{"cameraMode":{"drawMode":0,"name":"Shaded","section":"Shading Mode"},"sceneLighting":true,"audioPlay":false,"sceneViewState":{"showFog":true,"showMaterialUpdate":false,"showSkybox":true,"showFlares":true,"showImageEffects":true,"showParticleSystems":true,"showVisualEffectGraphs":true,"m_FxEnabled":true},"in2DMode":false,"pivot":{"x":537.5184326171875,"y":234.62318420410157,"z":-4.316343307495117},"rotation":{"x":-0.013804218731820584,"y":-0.030899398028850557,"z":0.0003975920262746513,"w":-0.9994868040084839},"size":298.2850341796875,"orthographic":false}