{"cameraMode":{"drawMode":0,"name":"Shaded","section":"Shading Mode"},"sceneLighting":true,"audioPlay":false,"sceneViewState":{"showFog":true,"showMaterialUpdate":false,"showSkybox":true,"showFlares":true,"showImageEffects":true,"showParticleSystems":true,"showVisualEffectGraphs":true,"m_FxEnabled":true},"in2DMode":false,"pivot":{"x":533.2733764648438,"y":289.03668212890627,"z":745.512939453125},"rotation":{"x":-0.012309864163398743,"y":0.0005958489491604269,"z":-0.00004449269181350246,"w":-0.9999858736991882},"size":691.4591064453125,"orthographic":false}