{"cameraMode":{"drawMode":0,"name":"Shaded","section":"Shading Mode"},"sceneLighting":true,"audioPlay":false,"sceneViewState":{"showFog":true,"showMaterialUpdate":false,"showSkybox":true,"showFlares":true,"showImageEffects":true,"showParticleSystems":true,"showVisualEffectGraphs":true,"m_FxEnabled":true},"in2DMode":false,"pivot":{"x":525.940185546875,"y":402.0315246582031,"z":90.21966552734375},"rotation":{"x":0.027305882424116136,"y":0.013810542412102223,"z":-0.0003161995264235884,"w":0.9996082186698914},"size":362.2895812988281,"orthographic":false}