{"cameraMode":{"drawMode":0,"name":"Shaded","section":"Shading Mode"},"sceneLighting":true,"audioPlay":false,"sceneViewState":{"showFog":true,"showMaterialUpdate":false,"showSkybox":true,"showFlares":true,"showImageEffects":true,"showParticleSystems":true,"showVisualEffectGraphs":true,"m_FxEnabled":true},"in2DMode":false,"pivot":{"x":-13.153619766235352,"y":-3.9255142211914064,"z":-12.289077758789063},"rotation":{"x":0.04675155505537987,"y":-0.9475670456886292,"z":0.16394926607608796,"w":0.27054888010025027},"size":11.039334297180176,"orthographic":false}