{"cameraMode":{"drawMode":0,"name":"Shaded","section":"Shading Mode"},"sceneLighting":true,"audioPlay":false,"sceneViewState":{"showFog":true,"showMaterialUpdate":false,"showSkybox":true,"showFlares":true,"showImageEffects":true,"showParticleSystems":true,"showVisualEffectGraphs":true,"m_FxEnabled":true},"in2DMode":false,"pivot":{"x":559.3189697265625,"y":178.17794799804688,"z":2368.135009765625},"rotation":{"x":0.033305250108242038,"y":-0.0011840865481644869,"z":0.00008912800694815814,"w":0.9995178580284119},"size":1548.387451171875,"orthographic":false}