{"cameraMode":{"drawMode":0,"name":"Shaded","section":"Shading Mode"},"sceneLighting":true,"audioPlay":false,"sceneViewState":{"showFog":true,"showMaterialUpdate":false,"showSkybox":true,"showFlares":true,"showImageEffects":true,"showParticleSystems":true,"showVisualEffectGraphs":true,"m_FxEnabled":true},"in2DMode":false,"pivot":{"x":475.45916748046877,"y":459.00091552734377,"z":30.540985107421876},"rotation":{"x":0.1110803484916687,"y":0.012243464589118958,"z":-0.0013248391915112734,"w":0.9938157796859741},"size":241.19546508789063,"orthographic":false}