{"cameraMode":{"drawMode":0,"name":"Shaded","section":"Shading Mode"},"sceneLighting":true,"audioPlay":false,"sceneViewState":{"showFog":true,"showMaterialUpdate":false,"showSkybox":true,"showFlares":true,"showImageEffects":true,"showParticleSystems":true,"showVisualEffectGraphs":true,"m_FxEnabled":true},"in2DMode":false,"pivot":{"x":-0.6772147417068481,"y":3.823636293411255,"z":22.605287551879884},"rotation":{"x":-0.013804218731820584,"y":-0.030899398028850557,"z":0.0003975920262746513,"w":-0.9994868040084839},"size":16.259841918945314,"orthographic":false}