{"cameraMode":{"drawMode":0,"name":"Shaded","section":"Shading Mode"},"sceneLighting":true,"audioPlay":false,"sceneViewState":{"showFog":true,"showMaterialUpdate":false,"showSkybox":true,"showFlares":true,"showImageEffects":true,"showParticleSystems":true,"showVisualEffectGraphs":true,"m_FxEnabled":true},"in2DMode":false,"pivot":{"x":13.274064064025879,"y":-9.938142776489258,"z":-8.155719757080079},"rotation":{"x":0.24965955317020417,"y":0.0003186211397405714,"z":-0.00001963129579962697,"w":0.9684125185012817},"size":35.580604553222659,"orthographic":false}