{"cameraMode":{"drawMode":0,"name":"Shaded","section":"Shading Mode"},"sceneLighting":true,"audioPlay":false,"sceneViewState":{"showFog":true,"showMaterialUpdate":false,"showSkybox":true,"showFlares":true,"showImageEffects":true,"showParticleSystems":true,"showVisualEffectGraphs":true,"m_FxEnabled":true},"in2DMode":false,"pivot":{"x":8.161173820495606,"y":1.1555780172348023,"z":-20.194229125976564},"rotation":{"x":0.005814351141452789,"y":-0.9882526397705078,"z":0.1481587439775467,"w":0.03917550668120384},"size":0.6073950529098511,"orthographic":false}