{"cameraMode":{"drawMode":0,"name":"Shaded","section":"Shading Mode"},"sceneLighting":true,"audioPlay":false,"sceneViewState":{"showFog":true,"showMaterialUpdate":false,"showSkybox":true,"showFlares":true,"showImageEffects":true,"showParticleSystems":true,"showVisualEffectGraphs":true,"m_FxEnabled":true},"in2DMode":false,"pivot":{"x":428.9042663574219,"y":359.02227783203127,"z":4.281494140625},"rotation":{"x":0.006309574469923973,"y":0.0014951378107070923,"z":-0.000009418123227078468,"w":0.9999803900718689},"size":392.6966857910156,"orthographic":false}