{"cameraMode":{"drawMode":0,"name":"Shaded","section":"Shading Mode"},"sceneLighting":true,"audioPlay":false,"sceneViewState":{"showFog":true,"showMaterialUpdate":false,"showSkybox":true,"showFlares":true,"showImageEffects":true,"showParticleSystems":true,"showVisualEffectGraphs":true,"m_FxEnabled":true},"in2DMode":false,"pivot":{"x":-5.98338508605957,"y":-3.458871364593506,"z":16.608081817626954},"rotation":{"x":0.10359849780797959,"y":-0.02386968769133091,"z":0.0025212361942976715,"w":0.9943863153457642},"size":11.212423324584961,"orthographic":false}