{"cameraMode":{"drawMode":0,"name":"Shaded","section":"Shading Mode"},"sceneLighting":true,"audioPlay":false,"sceneViewState":{"showFog":true,"showMaterialUpdate":false,"showSkybox":true,"showFlares":true,"showImageEffects":true,"showParticleSystems":true,"showVisualEffectGraphs":true,"m_FxEnabled":true},"in2DMode":false,"pivot":{"x":545.3432006835938,"y":211.08700561523438,"z":-3.9156494140625},"rotation":{"x":0.01830928958952427,"y":0.0063138967379927639,"z":-0.000054828378779347986,"w":0.9998888969421387},"size":313.396240234375,"orthographic":false}