{"cameraMode":{"drawMode":0,"name":"Shaded","section":"Shading Mode"},"sceneLighting":true,"audioPlay":false,"sceneViewState":{"showFog":true,"showMaterialUpdate":false,"showSkybox":true,"showFlares":true,"showImageEffects":true,"showParticleSystems":true,"showVisualEffectGraphs":true,"m_FxEnabled":true},"in2DMode":false,"pivot":{"x":-3.6999752521514894,"y":-4.144014358520508,"z":-4.943668365478516},"rotation":{"x":0.24965955317020417,"y":0.0003186211397405714,"z":-0.00001963129579962697,"w":0.9684125185012817},"size":21.019573211669923,"orthographic":false}