{"cameraMode":{"drawMode":0,"name":"Shaded","section":"Shading Mode"},"sceneLighting":true,"audioPlay":false,"sceneViewState":{"showFog":true,"showMaterialUpdate":false,"showSkybox":true,"showFlares":true,"showImageEffects":true,"showParticleSystems":true,"showVisualEffectGraphs":true,"m_FxEnabled":true},"in2DMode":false,"pivot":{"x":608.4810180664063,"y":288.7752990722656,"z":44.49920654296875},"rotation":{"x":0.07075077295303345,"y":0.010472407564520836,"z":-0.0007200122927315533,"w":0.9974939823150635},"size":448.04364013671877,"orthographic":false}