{"cameraMode":{"drawMode":0,"name":"Shaded","section":"Shading Mode"},"sceneLighting":true,"audioPlay":false,"sceneViewState":{"showFog":true,"showMaterialUpdate":false,"showSkybox":true,"showFlares":true,"showImageEffects":true,"showParticleSystems":true,"showVisualEffectGraphs":true,"m_FxEnabled":true},"in2DMode":false,"pivot":{"x":-1.9431579113006592,"y":1.7596814632415772,"z":2.246893882751465},"rotation":{"x":-0.06663423031568527,"y":0.9297807812690735,"z":-0.21018680930137635,"w":-0.29497653245925906},"size":3.7246267795562746,"orthographic":false}