{"cameraMode":{"drawMode":0,"name":"Shaded","section":"Shading Mode"},"sceneLighting":false,"audioPlay":false,"sceneViewState":{"showFog":true,"showMaterialUpdate":false,"showSkybox":false,"showFlares":true,"showImageEffects":true,"showParticleSystems":true,"showVisualEffectGraphs":true,"m_FxEnabled":true},"in2DMode":false,"pivot":{"x":-8.900245666503907,"y":0.993083119392395,"z":11.866032600402832},"rotation":{"x":-0.03330465406179428,"y":-0.008403295651078225,"z":0.0002153898822143674,"w":-0.9994805455207825},"size":3.588780641555786,"orthographic":false}