{"cameraMode":{"drawMode":0,"name":"Shaded","section":"Shading Mode"},"sceneLighting":false,"audioPlay":false,"sceneViewState":{"showFog":true,"showMaterialUpdate":false,"showSkybox":false,"showFlares":true,"showImageEffects":true,"showParticleSystems":true,"showVisualEffectGraphs":true,"m_FxEnabled":true},"in2DMode":false,"pivot":{"x":0.061063528060913089,"y":0.6990143060684204,"z":38.91888427734375},"rotation":{"x":0.08082934468984604,"y":0.8972800970077515,"z":-0.18450511991977693,"w":0.39297112822532656},"size":12.310072898864746,"orthographic":false}