{"cameraMode":{"drawMode":0,"name":"Shaded","section":"Shading Mode"},"sceneLighting":false,"audioPlay":false,"sceneViewState":{"showFog":true,"showMaterialUpdate":false,"showSkybox":false,"showFlares":true,"showImageEffects":true,"showParticleSystems":true,"showVisualEffectGraphs":true,"m_FxEnabled":true},"in2DMode":false,"pivot":{"x":-9.121576309204102,"y":0.9930832386016846,"z":12.741071701049805},"rotation":{"x":-0.008745579048991204,"y":0.8538655638694763,"z":-0.014354459941387177,"w":-0.5202243328094482},"size":3.3829100131988527,"orthographic":false}