{"cameraMode":{"drawMode":0,"name":"Shaded","section":"Shading Mode"},"sceneLighting":false,"audioPlay":false,"sceneViewState":{"showFog":true,"showMaterialUpdate":false,"showSkybox":false,"showFlares":true,"showImageEffects":true,"showParticleSystems":true,"showVisualEffectGraphs":true,"m_FxEnabled":true},"in2DMode":false,"pivot":{"x":-8.816827774047852,"y":0.993083119392395,"z":11.483794212341309},"rotation":{"x":0.04229622706770897,"y":0.00630480470135808,"z":-0.00026678512222133577,"w":0.9990856051445007},"size":3.8893017768859865,"orthographic":false}